[{"DocumentKeywordVectors":[{"TotalDocumentLength":557,"PageCount":1,"FirstPageVector":{"VectorId":"NoGroup.NoCategory.Invoice_1.FirstPage","DocumentCount":1,"TermsWithScores":[{"Score":0.78,"Term":"invoice","LastUpdated":"2021-10-13T14:41:13.0373937+05:30"},{"Score":0.72,"Term":"robopro","LastUpdated":"2021-10-13T14:41:13.0373937+05:30"},{"Score":0.71,"Term":"main","LastUpdated":"2021-10-13T14:41:13.0373937+05:30"},{"Score":0.7,"Term":"johannesburg","LastUpdated":"2021-10-13T14:41:13.0373937+05:30"},{"Score":0.7,"Term":"road","LastUpdated":"2021-10-13T14:41:13.0373937+05:30"},{"Score":0.68,"Term":"south","LastUpdated":"2021-10-13T14:41:13.0373937+05:30"},{"Score":0.67,"Term":"africa","LastUpdated":"2021-10-13T14:41:13.0373937+05:30"},{"Score":0.63,"Term":"leighton","LastUpdated":"2021-10-13T14:41:13.0373937+05:30"},{"Score":0.62,"Term":"eat","LastUpdated":"2021-10-13T14:41:13.0373937+05:30"},{"Score":0.62,"Term":"wikivu","LastUpdated":"2021-10-13T14:41:13.0373937+05:30"},{"Score":0.6,"Term":"eastwood","LastUpdated":"2021-10-13T14:41:13.0373937+05:30"},{"Score":0.59,"Term":"suphan","LastUpdated":"2021-10-13T14:41:13.0373937+05:30"},{"Score":0.59,"Term":"lane","LastUpdated":"2021-10-13T14:41:13.0373937+05:30"},{"Score":0.58,"Term":"buni","LastUpdated":"2021-10-13T14:41:13.0373937+05:30"},{"Score":0.52,"Term":"customer","LastUpdated":"2021-10-13T14:41:13.0373937+05:30"},{"Score":0.47,"Term":"terms","LastUpdated":"2021-10-13T14:41:13.0373937+05:30"},{"Score":0.45,"Term":"days","LastUpdated":"2021-10-13T14:41:13.0373937+05:30"},{"Score":0.44,"Term":"description","LastUpdated":"2021-10-13T14:41:13.0373937+05:30"},{"Score":0.43,"Term":"service","LastUpdated":"2021-10-13T14:41:13.0373937+05:30"},{"Score":0.42,"Term":"fee","LastUpdated":"2021-10-13T14:41:13.0373937+05:30"},{"Score":0.41,"Term":"additional","LastUpdated":"2021-10-13T14:41:13.0373937+05:30"},{"Score":0.4,"Term":"services","LastUpdated":"2021-10-13T14:41:13.0373937+05:30"},{"Score":0.39,"Term":"qty","LastUpdated":"2021-10-13T14:41:13.0373937+05:30"},{"Score":0.37,"Term":"unit","LastUpdated":"2021-10-13T14:41:13.0373937+05:30"},{"Score":0.36,"Term":"price","LastUpdated":"2021-10-13T14:41:13.0373937+05:30"},{"Score":0.28,"Term":"business","LastUpdated":"2021-10-13T14:41:13.0373937+05:30"},{"Score":0.25,"Term":"total","LastUpdated":"2021-10-13T14:41:13.0373937+05:30"},{"Score":0.14,"Term":"questions","LastUpdated":"2021-10-13T14:41:13.0373937+05:30"},{"Score":0.09,"Term":"contact","LastUpdated":"2021-10-13T14:41:13.0373937+05:30"}]},"ParentVectorId":"NoGroup.NoCategory.Invoice","VectorId":"NoGroup.NoCategory.Invoice_1","DocumentCount":1,"TermsWithScores":[{"Score":0.78,"Term":"invoice","LastUpdated":"2021-10-13T14:41:13.0373937+05:30"},{"Score":0.72,"Term":"robopro","LastUpdated":"2021-10-13T14:41:13.0373937+05:30"},{"Score":0.71,"Term":"main","LastUpdated":"2021-10-13T14:41:13.0373937+05:30"},{"Score":0.7,"Term":"johannesburg","LastUpdated":"2021-10-13T14:41:13.0373937+05:30"},{"Score":0.7,"Term":"road","LastUpdated":"2021-10-13T14:41:13.0373937+05:30"},{"Score":0.68,"Term":"south","LastUpdated":"2021-10-13T14:41:13.0373937+05:30"},{"Score":0.67,"Term":"africa","LastUpdated":"2021-10-13T14:41:13.0373937+05:30"},{"Score":0.63,"Term":"leighton","LastUpdated":"2021-10-13T14:41:13.0373937+05:30"},{"Score":0.62,"Term":"eat","LastUpdated":"2021-10-13T14:41:13.0373937+05:30"},{"Score":0.62,"Term":"wikivu","LastUpdated":"2021-10-13T14:41:13.0373937+05:30"},{"Score":0.6,"Term":"eastwood","LastUpdated":"2021-10-13T14:41:13.0373937+05:30"},{"Score":0.59,"Term":"suphan","LastUpdated":"2021-10-13T14:41:13.0373937+05:30"},{"Score":0.59,"Term":"lane","LastUpdated":"2021-10-13T14:41:13.0373937+05:30"},{"Score":0.58,"Term":"buni","LastUpdated":"2021-10-13T14:41:13.0373937+05:30"},{"Score":0.52,"Term":"customer","LastUpdated":"2021-10-13T14:41:13.0373937+05:30"},{"Score":0.47,"Term":"terms","LastUpdated":"2021-10-13T14:41:13.0373937+05:30"},{"Score":0.45,"Term":"days","LastUpdated":"2021-10-13T14:41:13.0373937+05:30"},{"Score":0.44,"Term":"description","LastUpdated":"2021-10-13T14:41:13.0373937+05:30"},{"Score":0.43,"Term":"service","LastUpdated":"2021-10-13T14:41:13.0373937+05:30"},{"Score":0.42,"Term":"fee","LastUpdated":"2021-10-13T14:41:13.0373937+05:30"},{"Score":0.41,"Term":"additional","LastUpdated":"2021-10-13T14:41:13.0373937+05:30"},{"Score":0.4,"Term":"services","LastUpdated":"2021-10-13T14:41:13.0373937+05:30"},{"Score":0.39,"Term":"qty","LastUpdated":"2021-10-13T14:41:13.0373937+05:30"},{"Score":0.37,"Term":"unit","LastUpdated":"2021-10-13T14:41:13.0373937+05:30"},{"Score":0.36,"Term":"price","LastUpdated":"2021-10-13T14:41:13.0373937+05:30"},{"Score":0.28,"Term":"business","LastUpdated":"2021-10-13T14:41:13.0373937+05:30"},{"Score":0.25,"Term":"total","LastUpdated":"2021-10-13T14:41:13.0373937+05:30"},{"Score":0.14,"Term":"questions","LastUpdated":"2021-10-13T14:41:13.0373937+05:30"},{"Score":0.09,"Term":"contact","LastUpdated":"2021-10-13T14:41:13.0373937+05:30"}]}],"TotalDocumentLength":557,"PageCount":1,"FirstPageVector":{"VectorId":"NoGroup.NoCategory.Invoice.FirstPage","DocumentCount":1,"TermsWithScores":[{"Score":0.78,"Term":"invoice","LastUpdated":"2021-10-13T14:41:13.0034773+05:30"},{"Score":0.72,"Term":"robopro","LastUpdated":"2021-10-13T14:41:13.0034773+05:30"},{"Score":0.71,"Term":"main","LastUpdated":"2021-10-13T14:41:13.0034773+05:30"},{"Score":0.7,"Term":"johannesburg","LastUpdated":"2021-10-13T14:41:13.0034773+05:30"},{"Score":0.7,"Term":"road","LastUpdated":"2021-10-13T14:41:13.0034773+05:30"},{"Score":0.68,"Term":"south","LastUpdated":"2021-10-13T14:41:13.0034773+05:30"},{"Score":0.67,"Term":"africa","LastUpdated":"2021-10-13T14:41:13.0034773+05:30"},{"Score":0.63,"Term":"leighton","LastUpdated":"2021-10-13T14:41:13.0034773+05:30"},{"Score":0.62,"Term":"eat","LastUpdated":"2021-10-13T14:41:13.0034773+05:30"},{"Score":0.62,"Term":"wikivu","LastUpdated":"2021-10-13T14:41:13.0034773+05:30"},{"Score":0.6,"Term":"eastwood","LastUpdated":"2021-10-13T14:41:13.0034773+05:30"},{"Score":0.59,"Term":"suphan","LastUpdated":"2021-10-13T14:41:13.0034773+05:30"},{"Score":0.59,"Term":"lane","LastUpdated":"2021-10-13T14:41:13.0034773+05:30"},{"Score":0.58,"Term":"buni","LastUpdated":"2021-10-13T14:41:13.0034773+05:30"},{"Score":0.52,"Term":"customer","LastUpdated":"2021-10-13T14:41:13.0034773+05:30"},{"Score":0.47,"Term":"terms","LastUpdated":"2021-10-13T14:41:13.0034773+05:30"},{"Score":0.45,"Term":"days","LastUpdated":"2021-10-13T14:41:13.0034773+05:30"},{"Score":0.44,"Term":"description","LastUpdated":"2021-10-13T14:41:13.0034773+05:30"},{"Score":0.43,"Term":"service","LastUpdated":"2021-10-13T14:41:13.0034773+05:30"},{"Score":0.42,"Term":"fee","LastUpdated":"2021-10-13T14:41:13.0034773+05:30"},{"Score":0.41,"Term":"additional","LastUpdated":"2021-10-13T14:41:13.0034773+05:30"},{"Score":0.4,"Term":"services","LastUpdated":"2021-10-13T14:41:13.0034773+05:30"},{"Score":0.39,"Term":"qty","LastUpdated":"2021-10-13T14:41:13.0034773+05:30"},{"Score":0.37,"Term":"unit","LastUpdated":"2021-10-13T14:41:13.0034773+05:30"},{"Score":0.36,"Term":"price","LastUpdated":"2021-10-13T14:41:13.0034773+05:30"},{"Score":0.28,"Term":"business","LastUpdated":"2021-10-13T14:41:13.0034773+05:30"},{"Score":0.25,"Term":"total","LastUpdated":"2021-10-13T14:41:13.0034773+05:30"},{"Score":0.14,"Term":"questions","LastUpdated":"2021-10-13T14:41:13.0034773+05:30"},{"Score":0.09,"Term":"contact","LastUpdated":"2021-10-13T14:41:13.0034773+05:30"}]},"ParentVectorId":null,"VectorId":"NoGroup.NoCategory.Invoice","DocumentCount":1,"TermsWithScores":[{"Score":0.78,"Term":"invoice","LastUpdated":"2021-10-13T14:41:13.0373937+05:30"},{"Score":0.72,"Term":"robopro","LastUpdated":"2021-10-13T14:41:13.0373937+05:30"},{"Score":0.71,"Term":"main","LastUpdated":"2021-10-13T14:41:13.0373937+05:30"},{"Score":0.7,"Term":"johannesburg","LastUpdated":"2021-10-13T14:41:13.0373937+05:30"},{"Score":0.7,"Term":"road","LastUpdated":"2021-10-13T14:41:13.0373937+05:30"},{"Score":0.68,"Term":"south","LastUpdated":"2021-10-13T14:41:13.0373937+05:30"},{"Score":0.67,"Term":"africa","LastUpdated":"2021-10-13T14:41:13.0373937+05:30"},{"Score":0.63,"Term":"leighton","LastUpdated":"2021-10-13T14:41:13.0373937+05:30"},{"Score":0.62,"Term":"eat","LastUpdated":"2021-10-13T14:41:13.0373937+05:30"},{"Score":0.62,"Term":"wikivu","LastUpdated":"2021-10-13T14:41:13.0373937+05:30"},{"Score":0.6,"Term":"eastwood","LastUpdated":"2021-10-13T14:41:13.0373937+05:30"},{"Score":0.59,"Term":"suphan","LastUpdated":"2021-10-13T14:41:13.0373937+05:30"},{"Score":0.59,"Term":"lane","LastUpdated":"2021-10-13T14:41:13.0373937+05:30"},{"Score":0.58,"Term":"buni","LastUpdated":"2021-10-13T14:41:13.0373937+05:30"},{"Score":0.52,"Term":"customer","LastUpdated":"2021-10-13T14:41:13.0373937+05:30"},{"Score":0.47,"Term":"terms","LastUpdated":"2021-10-13T14:41:13.0373937+05:30"},{"Score":0.45,"Term":"days","LastUpdated":"2021-10-13T14:41:13.0373937+05:30"},{"Score":0.44,"Term":"description","LastUpdated":"2021-10-13T14:41:13.0373937+05:30"},{"Score":0.43,"Term":"service","LastUpdated":"2021-10-13T14:41:13.0373937+05:30"},{"Score":0.42,"Term":"fee","LastUpdated":"2021-10-13T14:41:13.0373937+05:30"},{"Score":0.41,"Term":"additional","LastUpdated":"2021-10-13T14:41:13.0373937+05:30"},{"Score":0.4,"Term":"services","LastUpdated":"2021-10-13T14:41:13.0373937+05:30"},{"Score":0.39,"Term":"qty","LastUpdated":"2021-10-13T14:41:13.0373937+05:30"},{"Score":0.37,"Term":"unit","LastUpdated":"2021-10-13T14:41:13.0373937+05:30"},{"Score":0.36,"Term":"price","LastUpdated":"2021-10-13T14:41:13.0373937+05:30"},{"Score":0.28,"Term":"business","LastUpdated":"2021-10-13T14:41:13.0373937+05:30"},{"Score":0.25,"Term":"total","LastUpdated":"2021-10-13T14:41:13.0373937+05:30"},{"Score":0.14,"Term":"questions","LastUpdated":"2021-10-13T14:41:13.0373937+05:30"},{"Score":0.09,"Term":"contact","LastUpdated":"2021-10-13T14:41:13.0373937+05:30"}]}]
